COUNTRY;LEAGUE;STANDINGS_OVERALL;STANDINGS_HOME;STANDINGS_AWAY;FORM_LAST_5_OVERALL;FORM_LAST_5_HOME;FORM_LAST_5_AWAY;FORM_LAST_10_OVERALL;FORM_LAST_10_HOME;FORM_LAST_10_AWAY
ENGLAND;Premier League;https://www.flashscore.com/football/england/premier-league/#/OEEq9Yvp/standings/overall/;https://www.flashscore.com/football/england/premier-league/#/OEEq9Yvp/standings/home/;https://www.flashscore.com/football/england/premier-league/#/OEEq9Yvp/standings/away/;https://www.flashscore.com/football/england/premier-league/#/OEEq9Yvp/form/overall/5/;https://www.flashscore.com/football/england/premier-league/#/OEEq9Yvp/form/home/5/;https://www.flashscore.com/football/england/premier-league/#/OEEq9Yvp/form/away/5/;https://www.flashscore.com/football/england/premier-league/#/OEEq9Yvp/form/overall/10/;https://www.flashscore.com/football/england/premier-league/#/OEEq9Yvp/form/home/10/;https://www.flashscore.com/football/england/premier-league/#/OEEq9Yvp/form/away/10/
ENGLAND;Championship;https://www.flashscore.com/football/england/championship/#/WvIi7C9d/standings/overall/;https://www.flashscore.com/football/england/championship/#/WvIi7C9d/standings/home/;https://www.flashscore.com/football/england/championship/#/WvIi7C9d/standings/away/;https://www.flashscore.com/football/england/championship/#/WvIi7C9d/form/overall/5/;https://www.flashscore.com/football/england/championship/#/WvIi7C9d/form/home/5/;https://www.flashscore.com/football/england/championship/#/WvIi7C9d/form/away/5/;https://www.flashscore.com/football/england/championship/#/WvIi7C9d/form/overall/10/;https://www.flashscore.com/football/england/championship/#/WvIi7C9d/form/home/10/;https://www.flashscore.com/football/england/championship/#/WvIi7C9d/form/away/10/
ENGLAND;League 1;https://www.flashscore.com/football/england/league-one/#/MkMfTgWF/standings/overall/;https://www.flashscore.com/football/england/league-one/#/MkMfTgWF/standings/home/;https://www.flashscore.com/football/england/league-one/#/MkMfTgWF/standings/away/;https://www.flashscore.com/football/england/league-one/#/MkMfTgWF/form/overall/5/;https://www.flashscore.com/football/england/league-one/#/MkMfTgWF/form/home/5/;https://www.flashscore.com/football/england/league-one/#/MkMfTgWF/form/away/5/;https://www.flashscore.com/football/england/league-one/#/MkMfTgWF/form/overall/10/;https://www.flashscore.com/football/england/league-one/#/MkMfTgWF/form/home/10/;https://www.flashscore.com/football/england/league-one/#/MkMfTgWF/form/away/10/
ENGLAND;League 2;https://www.flashscore.com/football/england/league-two/#/hIUsMBOk/standings/overall/;https://www.flashscore.com/football/england/league-two/#/hIUsMBOk/standings/home/;https://www.flashscore.com/football/england/league-two/#/hIUsMBOk/standings/away/;https://www.flashscore.com/football/england/league-two/#/hIUsMBOk/form/overall/5/;https://www.flashscore.com/football/england/league-two/#/hIUsMBOk/form/home/5/;https://www.flashscore.com/football/england/league-two/#/hIUsMBOk/form/away/5/;https://www.flashscore.com/football/england/league-two/#/hIUsMBOk/form/overall/10/;https://www.flashscore.com/football/england/league-two/#/hIUsMBOk/form/home/10/;https://www.flashscore.com/football/england/league-two/#/hIUsMBOk/form/away/10/
SCOTLAND;Premiership;https://www.flashscore.com/football/scotland/premiership/#/r9r0HS9r/standings/overall/;https://www.flashscore.com/football/scotland/premiership/#/r9r0HS9r/standings/home/;https://www.flashscore.com/football/scotland/premiership/#/r9r0HS9r/standings/away/;https://www.flashscore.com/football/scotland/premiership/#/r9r0HS9r/form/overall/5/;https://www.flashscore.com/football/scotland/premiership/#/r9r0HS9r/form/home/5/;https://www.flashscore.com/football/scotland/premiership/#/r9r0HS9r/form/away/5/;https://www.flashscore.com/football/scotland/premiership/#/r9r0HS9r/form/overall/10/;https://www.flashscore.com/football/scotland/premiership/#/r9r0HS9r/form/home/10/;https://www.flashscore.com/football/scotland/premiership/#/r9r0HS9r/form/away/10/
SCOTLAND;Championship;https://www.flashscore.com/football/scotland/championship/#/xtu5Z14n/standings/overall/;https://www.flashscore.com/football/scotland/championship/#/xtu5Z14n/standings/home/;https://www.flashscore.com/football/scotland/championship/#/xtu5Z14n/standings/away/;https://www.flashscore.com/football/scotland/championship/#/xtu5Z14n/form/overall/5/;https://www.flashscore.com/football/scotland/championship/#/xtu5Z14n/form/home/5/;https://www.flashscore.com/football/scotland/championship/#/xtu5Z14n/form/away/5/;https://www.flashscore.com/football/scotland/championship/#/xtu5Z14n/form/overall/10/;https://www.flashscore.com/football/scotland/championship/#/xtu5Z14n/form/home/10/;https://www.flashscore.com/football/scotland/championship/#/xtu5Z14n/form/away/10/
SCOTLAND;League 1;https://www.flashscore.com/football/scotland/league-one/#/dtCpJFuT/standings/overall/;https://www.flashscore.com/football/scotland/championship/#/xtu5Z14n/standings/home/;https://www.flashscore.com/football/scotland/championship/#/xtu5Z14n/standings/away/;https://www.flashscore.com/football/scotland/championship/#/xtu5Z14n/form/overall/5/;https://www.flashscore.com/football/scotland/championship/#/xtu5Z14n/form/home/5/;https://www.flashscore.com/football/scotland/championship/#/xtu5Z14n/form/away/5/;https://www.flashscore.com/football/scotland/championship/#/xtu5Z14n/form/overall/10/;https://www.flashscore.com/football/scotland/championship/#/xtu5Z14n/form/home/10/;https://www.flashscore.com/football/scotland/championship/#/xtu5Z14n/form/away/10/
SCOTLAND;League 2;https://www.flashscore.com/football/scotland/league-two/#/Cx4Bycec/standings/overall/;https://www.flashscore.com/football/scotland/league-two/#/Cx4Bycec/standings/home/;https://www.flashscore.com/football/scotland/league-two/#/Cx4Bycec/standings/away/;https://www.flashscore.com/football/scotland/league-two/#/Cx4Bycec/form/overall/5/;https://www.flashscore.com/football/scotland/league-two/#/Cx4Bycec/form/home/5/;https://www.flashscore.com/football/scotland/league-two/#/Cx4Bycec/form/away/5/;https://www.flashscore.com/football/scotland/league-two/#/Cx4Bycec/form/overall/10/;https://www.flashscore.com/football/scotland/league-two/#/Cx4Bycec/form/home/10/;https://www.flashscore.com/football/scotland/league-two/#/Cx4Bycec/form/away/10/
FRANCE;Ligue 1;https://www.flashscore.com/football/france/ligue-1/#/j9QeTLPP/standings/overall/;https://www.flashscore.com/football/france/ligue-1/#/j9QeTLPP/standings/home/;https://www.flashscore.com/football/france/ligue-1/#/j9QeTLPP/standings/away/;https://www.flashscore.com/football/france/ligue-1/#/j9QeTLPP/form/overall/5/;https://www.flashscore.com/football/france/ligue-1/#/j9QeTLPP/form/home/5/;https://www.flashscore.com/football/france/ligue-1/#/j9QeTLPP/form/away/5/;https://www.flashscore.com/football/france/ligue-1/#/j9QeTLPP/form/overall/10/;https://www.flashscore.com/football/france/ligue-1/#/j9QeTLPP/form/home/10/;https://www.flashscore.com/football/france/ligue-1/#/j9QeTLPP/form/away/10/
FRANCE;Ligue 2;https://www.flashscore.com/football/france/ligue-2/#/0STrMwIa/standings/overall/;https://www.flashscore.com/football/france/ligue-2/#/0STrMwIa/standings/home/;https://www.flashscore.com/football/france/ligue-2/#/0STrMwIa/standings/away/;https://www.flashscore.com/football/france/ligue-2/#/0STrMwIa/form/overall/5/;https://www.flashscore.com/football/france/ligue-2/#/0STrMwIa/form/home/5/;https://www.flashscore.com/football/france/ligue-2/#/0STrMwIa/form/away/5/;https://www.flashscore.com/football/france/ligue-2/#/0STrMwIa/form/overall/10/;https://www.flashscore.com/football/france/ligue-2/#/0STrMwIa/form/home/10/;https://www.flashscore.com/football/france/ligue-2/#/0STrMwIa/form/away/10/
GERMANY;Bundesliga;https://www.flashscore.com/football/germany/bundesliga/#/8UYeqfiD/standings/overall/;https://www.flashscore.com/football/germany/bundesliga/#/8UYeqfiD/standings/home/;https://www.flashscore.com/football/germany/bundesliga/#/8UYeqfiD/standings/away/;https://www.flashscore.com/football/germany/bundesliga/#/8UYeqfiD/form/overall/5/;https://www.flashscore.com/football/germany/bundesliga/#/8UYeqfiD/form/home/5/;https://www.flashscore.com/football/germany/bundesliga/#/8UYeqfiD/form/away/5/;https://www.flashscore.com/football/germany/bundesliga/#/8UYeqfiD/form/overall/10/;https://www.flashscore.com/football/germany/bundesliga/#/8UYeqfiD/form/home/10/;https://www.flashscore.com/football/germany/bundesliga/#/8UYeqfiD/form/away/10/
GERMANY;Bundesliga 2;https://www.flashscore.com/football/germany/2-bundesliga/#/McQM1y7s/standings/overall/;https://www.flashscore.com/football/germany/2-bundesliga/#/McQM1y7s/standings/home/;https://www.flashscore.com/football/germany/2-bundesliga/#/McQM1y7s/standings/away/;https://www.flashscore.com/football/germany/2-bundesliga/#/McQM1y7s/form/overall/5/;https://www.flashscore.com/football/germany/2-bundesliga/#/McQM1y7s/form/home/5/;https://www.flashscore.com/football/germany/2-bundesliga/#/McQM1y7s/form/away/5/;https://www.flashscore.com/football/germany/2-bundesliga/#/McQM1y7s/form/overall/10/;https://www.flashscore.com/football/germany/2-bundesliga/#/McQM1y7s/form/home/10/;https://www.flashscore.com/football/germany/2-bundesliga/#/McQM1y7s/form/away/10/
ITALY;Serie A;https://www.flashscore.com/football/italy/serie-a/#/6PWwAsA7/standings/overall/;https://www.flashscore.com/football/italy/serie-a/#/6PWwAsA7/standings/home/;https://www.flashscore.com/football/italy/serie-a/#/6PWwAsA7/standings/away/;https://www.flashscore.com/football/italy/serie-a/#/6PWwAsA7/form/overall/5/;https://www.flashscore.com/football/italy/serie-a/#/6PWwAsA7/form/home/5/;https://www.flashscore.com/football/italy/serie-a/#/6PWwAsA7/form/away/5/;https://www.flashscore.com/football/italy/serie-a/#/6PWwAsA7/form/overall/10/;https://www.flashscore.com/football/italy/serie-a/#/6PWwAsA7/form/home/10/;https://www.flashscore.com/football/italy/serie-a/#/6PWwAsA7/form/away/10/
ITALY;Serie B;https://www.flashscore.com/football/italy/serie-b/#/jwYYXp2E/standings/overall/;https://www.flashscore.com/football/italy/serie-b/#/jwYYXp2E/standings/home/;https://www.flashscore.com/football/italy/serie-b/#/jwYYXp2E/standings/away/;https://www.flashscore.com/football/italy/serie-b/#/jwYYXp2E/form/overall/5/;https://www.flashscore.com/football/italy/serie-b/#/jwYYXp2E/form/home/5/;https://www.flashscore.com/football/italy/serie-b/#/jwYYXp2E/form/away/5/;https://www.flashscore.com/football/italy/serie-b/#/jwYYXp2E/form/overall/10/;https://www.flashscore.com/football/italy/serie-b/#/jwYYXp2E/form/home/10/;https://www.flashscore.com/football/italy/serie-b/#/jwYYXp2E/form/away/10/
NETHERLANDS;Eredivisie;https://www.flashscore.com/football/netherlands/eredivisie/#/dWKtjvdd/standings/overall/;https://www.flashscore.com/football/netherlands/eredivisie/#/dWKtjvdd/standings/home/;https://www.flashscore.com/football/netherlands/eredivisie/#/dWKtjvdd/standings/away/;https://www.flashscore.com/football/netherlands/eredivisie/#/dWKtjvdd/form/overall/5/;https://www.flashscore.com/football/netherlands/eredivisie/#/dWKtjvdd/form/home/5/;https://www.flashscore.com/football/netherlands/eredivisie/#/dWKtjvdd/form/away/5/;https://www.flashscore.com/football/netherlands/eredivisie/#/dWKtjvdd/form/overall/10/;https://www.flashscore.com/football/netherlands/eredivisie/#/dWKtjvdd/form/home/10/;https://www.flashscore.com/football/netherlands/eredivisie/#/dWKtjvdd/form/away/10/
SPAIN;La Liga;https://www.flashscore.com/football/spain/laliga/#/vcm2MhGk/standings/overall/;https://www.flashscore.com/football/spain/laliga/#/vcm2MhGk/standings/home/;https://www.flashscore.com/football/spain/laliga/#/vcm2MhGk/standings/away/;https://www.flashscore.com/football/spain/laliga/#/vcm2MhGk/form/overall/5/;https://www.flashscore.com/football/spain/laliga/#/vcm2MhGk/form/home/5/;https://www.flashscore.com/football/spain/laliga/#/vcm2MhGk/form/away/5/;https://www.flashscore.com/football/spain/laliga/#/vcm2MhGk/form/overall/10/;https://www.flashscore.com/football/spain/laliga/#/vcm2MhGk/form/home/10/;https://www.flashscore.com/football/spain/laliga/#/vcm2MhGk/form/away/10/
SPAIN;La Liga 2;https://www.flashscore.com/football/spain/laliga2/#/zPtBKWp2/standings/overall/;https://www.flashscore.com/football/spain/laliga2/#/zPtBKWp2/standings/home/;https://www.flashscore.com/football/spain/laliga2/#/zPtBKWp2/standings/away/;https://www.flashscore.com/football/spain/laliga2/#/zPtBKWp2/form/overall/5/;https://www.flashscore.com/football/spain/laliga2/#/zPtBKWp2/form/home/5/;https://www.flashscore.com/football/spain/laliga2/#/zPtBKWp2/form/away/5/;https://www.flashscore.com/football/spain/laliga2/#/zPtBKWp2/form/overall/10/;https://www.flashscore.com/football/spain/laliga2/#/zPtBKWp2/form/home/10/;https://www.flashscore.com/football/spain/laliga2/#/zPtBKWp2/form/away/10/
PORTUGAL;Liga 1;https://www.flashscore.com/football/portugal/liga-portugal/#/IgF19YCc/standings/overall/;https://www.flashscore.com/football/portugal/liga-portugal/#/IgF19YCc/standings/home/;https://www.flashscore.com/football/portugal/liga-portugal/#/IgF19YCc/standings/away/;https://www.flashscore.com/football/portugal/liga-portugal/#/IgF19YCc/form/overall/5/;https://www.flashscore.com/football/portugal/liga-portugal/#/IgF19YCc/form/home/5/;https://www.flashscore.com/football/portugal/liga-portugal/#/IgF19YCc/form/away/5/;https://www.flashscore.com/football/portugal/liga-portugal/#/IgF19YCc/form/overall/10/;https://www.flashscore.com/football/portugal/liga-portugal/#/IgF19YCc/form/home/10/;https://www.flashscore.com/football/portugal/liga-portugal/#/IgF19YCc/form/away/10/
BELGIUM;Jupiler Pro;https://www.flashscore.com/football/belgium/jupiler-pro-league/#/WbIIL8v0/standings/overall/;https://www.flashscore.com/football/belgium/jupiler-pro-league/#/WbIIL8v0/standings/home/;https://www.flashscore.com/football/belgium/jupiler-pro-league/#/WbIIL8v0/standings/away/;https://www.flashscore.com/football/belgium/jupiler-pro-league/#/WbIIL8v0/form/overall/5/;https://www.flashscore.com/football/belgium/jupiler-pro-league/#/WbIIL8v0/form/home/5/;https://www.flashscore.com/football/belgium/jupiler-pro-league/#/WbIIL8v0/form/away/5/;https://www.flashscore.com/football/belgium/jupiler-pro-league/#/WbIIL8v0/form/overall/10/;https://www.flashscore.com/football/belgium/jupiler-pro-league/#/WbIIL8v0/form/home/10/;https://www.flashscore.com/football/belgium/jupiler-pro-league/#/WbIIL8v0/form/away/10/
GREECE;Super League;https://www.flashscore.com/football/greece/super-league/#/YqOkq45l/standings/overall/;https://www.flashscore.com/football/greece/super-league/#/YqOkq45l/standings/home/;https://www.flashscore.com/football/greece/super-league/#/YqOkq45l/standings/away/;https://www.flashscore.com/football/greece/super-league/#/YqOkq45l/form/overall/5/;https://www.flashscore.com/football/greece/super-league/#/YqOkq45l/form/home/5/;https://www.flashscore.com/football/greece/super-league/#/YqOkq45l/form/away/5/;https://www.flashscore.com/football/greece/super-league/#/YqOkq45l/form/overall/10/;https://www.flashscore.com/football/greece/super-league/#/YqOkq45l/form/home/10/;https://www.flashscore.com/football/greece/super-league/#/YqOkq45l/form/away/10/
TURKEY;Super Lig;https://www.flashscore.com/football/turkey/super-lig/#/EVZfW0bc/standings/overall/;https://www.flashscore.com/football/turkey/super-lig/#/EVZfW0bc/standings/home/;https://www.flashscore.com/football/turkey/super-lig/#/EVZfW0bc/standings/away/;https://www.flashscore.com/football/turkey/super-lig/#/EVZfW0bc/form/overall/5/;https://www.flashscore.com/football/turkey/super-lig/#/EVZfW0bc/form/home/5/;https://www.flashscore.com/football/turkey/super-lig/#/EVZfW0bc/form/away/5/;https://www.flashscore.com/football/turkey/super-lig/#/EVZfW0bc/form/overall/10/;https://www.flashscore.com/football/turkey/super-lig/#/EVZfW0bc/form/home/10/;https://www.flashscore.com/football/turkey/super-lig/#/EVZfW0bc/form/away/10/
AUSTRIA;Bundesliga;https://www.flashscore.com/football/austria/bundesliga/#/WYMxZqqg/standings/overall/;https://www.flashscore.com/football/austria/bundesliga/#/WYMxZqqg/standings/home/;https://www.flashscore.com/football/austria/bundesliga/#/WYMxZqqg/standings/home/;https://www.flashscore.com/football/austria/bundesliga/#/WYMxZqqg/form/overall/5/;https://www.flashscore.com/football/austria/bundesliga/#/WYMxZqqg/form/home/5/;https://www.flashscore.com/football/austria/bundesliga/#/WYMxZqqg/form/away/5/;https://www.flashscore.com/football/austria/bundesliga/#/WYMxZqqg/form/overall/10/;https://www.flashscore.com/football/austria/bundesliga/#/WYMxZqqg/form/home/10/;https://www.flashscore.com/football/austria/bundesliga/#/WYMxZqqg/form/away/10/
DENMARK;Superliga;https://www.flashscore.com/football/denmark/superliga/#/d4toV4hf/standings/overall/;https://www.flashscore.com/football/denmark/superliga/#/d4toV4hf/standings/home/;https://www.flashscore.com/football/denmark/superliga/#/d4toV4hf/standings/away/;https://www.flashscore.com/football/denmark/superliga/#/d4toV4hf/form/overall/5/;https://www.flashscore.com/football/denmark/superliga/#/d4toV4hf/form/home/5/;https://www.flashscore.com/football/denmark/superliga/#/d4toV4hf/form/away/5/;https://www.flashscore.com/football/denmark/superliga/#/d4toV4hf/form/overall/10/;https://www.flashscore.com/football/denmark/superliga/#/d4toV4hf/form/home/10/;https://www.flashscore.com/football/denmark/superliga/#/d4toV4hf/form/away/10/
FINLAND;Veikkausliiga;https://www.flashscore.com/football/finland/veikkausliiga/#/WYpkcGNl/standings/overall/;https://www.flashscore.com/football/finland/veikkausliiga/#/WYpkcGNl/standings/home/;https://www.flashscore.com/football/finland/veikkausliiga/#/WYpkcGNl/standings/away/;https://www.flashscore.com/football/finland/veikkausliiga/#/WYpkcGNl/form/overall/5/;https://www.flashscore.com/football/finland/veikkausliiga/#/WYpkcGNl/form/home/5/;https://www.flashscore.com/football/finland/veikkausliiga/#/WYpkcGNl/form/away/5/;https://www.flashscore.com/football/finland/veikkausliiga/#/WYpkcGNl/form/overall/10/;https://www.flashscore.com/football/finland/veikkausliiga/#/WYpkcGNl/form/home/10/;https://www.flashscore.com/football/finland/veikkausliiga/#/WYpkcGNl/form/away/10/
NORWAY;Eliteserien;https://www.flashscore.com/standings/GWpmNglF/r3NUJK6F/#/r3NUJK6F/standings/overall/;https://www.flashscore.com/standings/GWpmNglF/r3NUJK6F/#/r3NUJK6F/standings/home/;https://www.flashscore.com/standings/GWpmNglF/r3NUJK6F/#/r3NUJK6F/standings/away/;https://www.flashscore.com/standings/GWpmNglF/r3NUJK6F/#/r3NUJK6F/form/overall/5/;https://www.flashscore.com/standings/GWpmNglF/r3NUJK6F/#/r3NUJK6F/form/home/5/;https://www.flashscore.com/standings/GWpmNglF/r3NUJK6F/#/r3NUJK6F/form/away/5/;https://www.flashscore.com/standings/GWpmNglF/r3NUJK6F/#/r3NUJK6F/form/overall/10/;https://www.flashscore.com/standings/GWpmNglF/r3NUJK6F/#/r3NUJK6F/form/home/10/;https://www.flashscore.com/standings/GWpmNglF/r3NUJK6F/#/r3NUJK6F/form/away/10/
SWEDEN;Allsvenskan;https://www.flashscore.com/standings/zJ2w5WFn/nw5bM5CN/#/nw5bM5CN/standings/overall/;https://www.flashscore.com/standings/zJ2w5WFn/nw5bM5CN/#/nw5bM5CN/standings/home/;https://www.flashscore.com/standings/zJ2w5WFn/nw5bM5CN/#/nw5bM5CN/standings/away/;https://www.flashscore.com/standings/zJ2w5WFn/nw5bM5CN/#/nw5bM5CN/form/overall/5/;https://www.flashscore.com/standings/zJ2w5WFn/nw5bM5CN/#/nw5bM5CN/form/home/5/;https://www.flashscore.com/standings/zJ2w5WFn/nw5bM5CN/#/nw5bM5CN/form/away/5/;https://www.flashscore.com/standings/zJ2w5WFn/nw5bM5CN/#/nw5bM5CN/form/overall/10/;https://www.flashscore.com/standings/zJ2w5WFn/nw5bM5CN/#/nw5bM5CN/form/home/10/;https://www.flashscore.com/standings/zJ2w5WFn/nw5bM5CN/#/nw5bM5CN/form/away/10/
USA;MLS;https://www.flashscore.com/football/usa/mls/#/bgQzSI5N/standings/overall/;https://www.flashscore.com/football/usa/mls/#/bgQzSI5N/standings/home/;https://www.flashscore.com/football/usa/mls/#/bgQzSI5N/standings/away/;https://www.flashscore.com/football/usa/mls/#/bgQzSI5N/form/overall/5/;https://www.flashscore.com/football/usa/mls/#/bgQzSI5N/form/home/5/;https://www.flashscore.com/football/usa/mls/#/bgQzSI5N/form/away/5/;https://www.flashscore.com/football/usa/mls/#/bgQzSI5N/form/overall/10/;https://www.flashscore.com/football/usa/mls/#/bgQzSI5N/form/home/10/;https://www.flashscore.com/football/usa/mls/#/bgQzSI5N/form/away/10/
MEXICO;Liga MX;https://www.flashscore.com/football/mexico/liga-mx/#/zXvIHwg3/standings/overall/;https://www.flashscore.com/football/mexico/liga-mx/#/zXvIHwg3/standings/home/;https://www.flashscore.com/football/mexico/liga-mx/#/zXvIHwg3/standings/away/;https://www.flashscore.com/football/mexico/liga-mx/#/zXvIHwg3/form/overall/5/;https://www.flashscore.com/football/mexico/liga-mx/#/zXvIHwg3/form/home/5/;https://www.flashscore.com/football/mexico/liga-mx/#/zXvIHwg3/form/away/5/;https://www.flashscore.com/football/mexico/liga-mx/#/zXvIHwg3/form/overall/10/;https://www.flashscore.com/football/mexico/liga-mx/#/zXvIHwg3/form/home/10/;https://www.flashscore.com/football/mexico/liga-mx/#/zXvIHwg3/form/away/10/
JAPAN;J1 League;https://www.flashscore.com/football/japan/j1-league/#/Eucp02cS/standings/overall/;https://www.flashscore.com/football/japan/j1-league/#/Eucp02cS/standings/home/;https://www.flashscore.com/football/japan/j1-league/#/Eucp02cS/standings/away/;https://www.flashscore.com/football/japan/j1-league/#/Eucp02cS/form/overall/5/;https://www.flashscore.com/football/japan/j1-league/#/Eucp02cS/form/home/5/;https://www.flashscore.com/football/japan/j1-league/#/Eucp02cS/form/away/5/;https://www.flashscore.com/football/japan/j1-league/#/Eucp02cS/form/overall/10/;https://www.flashscore.com/football/japan/j1-league/#/Eucp02cS/form/home/10/;https://www.flashscore.com/football/japan/j1-league/#/Eucp02cS/form/away/10/
BRAZIL;Serie A Betano;https://www.flashscore.com/football/brazil/serie-a-betano/#/hdLUdQGi/standings/overall/;https://www.flashscore.com/football/brazil/serie-a-betano/#/hdLUdQGi/standings/home/;https://www.flashscore.com/football/brazil/serie-a-betano/#/hdLUdQGi/standings/away/;https://www.flashscore.com/football/brazil/serie-a-betano/#/hdLUdQGi/form/overall/5/;https://www.flashscore.com/football/brazil/serie-a-betano/#/hdLUdQGi/form/home/5/;https://www.flashscore.com/football/brazil/serie-a-betano/#/hdLUdQGi/form/away/5/;https://www.flashscore.com/football/brazil/serie-a-betano/#/hdLUdQGi/form/overall/10/;https://www.flashscore.com/football/brazil/serie-a-betano/#/hdLUdQGi/form/home/10/;https://www.flashscore.com/football/brazil/serie-a-betano/#/hdLUdQGi/form/away/10/
IRELAND;Premier Division;https://www.flashscore.com/football/ireland/premier-division/#/dKrDn2kS/standings/overall/;https://www.flashscore.com/football/ireland/premier-division/#/dKrDn2kS/standings/home/;https://www.flashscore.com/football/ireland/premier-division/#/dKrDn2kS/standings/away/;https://www.flashscore.com/football/ireland/premier-division/#/dKrDn2kS/form/overall/5/;https://www.flashscore.com/football/ireland/premier-division/#/dKrDn2kS/form/home/5/;https://www.flashscore.com/football/ireland/premier-division/#/dKrDn2kS/form/away/5/;https://www.flashscore.com/football/ireland/premier-division/#/dKrDn2kS/form/overall/10/;https://www.flashscore.com/football/ireland/premier-division/#/dKrDn2kS/form/home/10/;https://www.flashscore.com/football/ireland/premier-division/#/dKrDn2kS/form/away/10/
POLAND;Ekstraklasa;https://www.flashscore.com/football/poland/ekstraklasa/#/Ek2i3864/standings/overall/;https://www.flashscore.com/football/poland/ekstraklasa/#/Ek2i3864/standings/home/;https://www.flashscore.com/football/poland/ekstraklasa/#/Ek2i3864/standings/away/;https://www.flashscore.com/football/poland/ekstraklasa/#/Ek2i3864/form/overall/5/;https://www.flashscore.com/football/poland/ekstraklasa/#/Ek2i3864/form/home/5/;https://www.flashscore.com/football/poland/ekstraklasa/#/Ek2i3864/form/away/5/;https://www.flashscore.com/football/poland/ekstraklasa/#/Ek2i3864/form/overall/10/;https://www.flashscore.com/football/poland/ekstraklasa/#/Ek2i3864/form/home/10/;https://www.flashscore.com/football/poland/ekstraklasa/#/Ek2i3864/form/away/10/
ROMANIA;Superliga;https://www.flashscore.com/football/romania/liga-1/#/pOcTEGTq/standings/overall/;https://www.flashscore.com/football/romania/liga-1/#/pOcTEGTq/standings/home/;https://www.flashscore.com/football/romania/liga-1/#/pOcTEGTq/standings/away/;https://www.flashscore.com/football/romania/liga-1/#/pOcTEGTq/form/overall/5/;https://www.flashscore.com/football/romania/liga-1/#/pOcTEGTq/form/home/5/;https://www.flashscore.com/football/romania/liga-1/#/pOcTEGTq/form/away/5/;https://www.flashscore.com/football/romania/liga-1/#/pOcTEGTq/form/overall/10/;https://www.flashscore.com/football/romania/liga-1/#/pOcTEGTq/form/home/10/;https://www.flashscore.com/football/romania/liga-1/#/pOcTEGTq/form/away/10/
SWITZERLAND;Super League;https://www.flashscore.com/football/switzerland/super-league/#/8xZTDSnQ/standings/overall/;https://www.flashscore.com/football/switzerland/super-league/#/8xZTDSnQ/standings/home/;https://www.flashscore.com/football/switzerland/super-league/#/8xZTDSnQ/standings/away/;https://www.flashscore.com/football/switzerland/super-league/#/8xZTDSnQ/form/overall/5/;https://www.flashscore.com/football/switzerland/super-league/#/8xZTDSnQ/form/home/5/;https://www.flashscore.com/football/switzerland/super-league/#/8xZTDSnQ/form/away/5/;https://www.flashscore.com/football/switzerland/super-league/#/8xZTDSnQ/form/overall/10/;https://www.flashscore.com/football/switzerland/super-league/#/8xZTDSnQ/form/home/10/;https://www.flashscore.com/football/switzerland/super-league/#/8xZTDSnQ/form/away/10/
CHINA;Super League;https://www.flashscore.com/football/china/super-league/#/6qZmcKtB/standings/overall/;https://www.flashscore.com/football/china/super-league/#/6qZmcKtB/standings/home/;https://www.flashscore.com/football/china/super-league/#/6qZmcKtB/standings/away/;https://www.flashscore.com/football/china/super-league/#/6qZmcKtB/form/overall/5/;https://www.flashscore.com/football/china/super-league/#/6qZmcKtB/form/home/5/;https://www.flashscore.com/football/china/super-league/#/6qZmcKtB/form/away/5/;https://www.flashscore.com/football/china/super-league/#/6qZmcKtB/form/overall/10/;https://www.flashscore.com/football/china/super-league/#/6qZmcKtB/form/home/10/;https://www.flashscore.com/football/china/super-league/#/6qZmcKtB/form/away/10/
ARGENTINA;Liga Profesional;https://www.flashscore.com/football/argentina/liga-profesional/#/dEDMdu1s/standings/overall/;https://www.flashscore.com/football/argentina/liga-profesional/#/dEDMdu1s/standings/home/;https://www.flashscore.com/football/argentina/liga-profesional/#/dEDMdu1s/standings/away/;https://www.flashscore.com/football/argentina/liga-profesional/#/dEDMdu1s/form/overall/5/;https://www.flashscore.com/football/argentina/liga-profesional/#/dEDMdu1s/form/home/5/;https://www.flashscore.com/football/argentina/liga-profesional/#/dEDMdu1s/form/away/5/;https://www.flashscore.com/football/argentina/liga-profesional/#/dEDMdu1s/form/overall/10/;https://www.flashscore.com/football/argentina/liga-profesional/#/dEDMdu1s/form/home/10/;https://www.flashscore.com/football/argentina/liga-profesional/#/dEDMdu1s/form/away/10/
RUSSIA;Premier League;https://www.flashscore.com/football/russia/premier-league/#/d8WbLTwp/standings/overall/;https://www.flashscore.com/football/russia/premier-league/#/d8WbLTwp/standings/home/;https://www.flashscore.com/football/russia/premier-league/#/d8WbLTwp/standings/away/;https://www.flashscore.com/football/russia/premier-league/#/d8WbLTwp/form/overall/5/;https://www.flashscore.com/football/russia/premier-league/#/d8WbLTwp/form/home/5/;https://www.flashscore.com/football/russia/premier-league/#/d8WbLTwp/form/away/5/;https://www.flashscore.com/football/russia/premier-league/#/d8WbLTwp/form/overall/10/;https://www.flashscore.com/football/russia/premier-league/#/d8WbLTwp/form/home/10/;https://www.flashscore.com/football/russia/premier-league/#/d8WbLTwp/form/away/10/
EUROPE;Champions League;https://www.flashscore.com/football/europe/champions-league/#/vT1iNRGq/standings/overall/;https://www.flashscore.com/football/europe/champions-league/#/vT1iNRGq/standings/home/;https://www.flashscore.com/football/europe/champions-league/#/vT1iNRGq/standings/away/;https://www.flashscore.com/football/europe/champions-league/#/vT1iNRGq/form/overall/5/;https://www.flashscore.com/football/europe/champions-league/#/vT1iNRGq/form/home/5/;https://www.flashscore.com/football/europe/champions-league/#/vT1iNRGq/form/away/5/;https://www.flashscore.com/football/europe/champions-league/#/vT1iNRGq/form/overall/10/;https://www.flashscore.com/football/europe/champions-league/#/vT1iNRGq/form/home/10/;https://www.flashscore.com/football/europe/champions-league/#/vT1iNRGq/form/away/10/
EUROPE;Europa League;https://www.flashscore.com/football/europe/europa-league/#/OjQOTQKa/standings/overall/;https://www.flashscore.com/football/europe/europa-league/#/OjQOTQKa/standings/home/;https://www.flashscore.com/football/europe/europa-league/#/OjQOTQKa/standings/away/;https://www.flashscore.com/football/europe/europa-league/#/OjQOTQKa/form/overall/5/;https://www.flashscore.com/football/europe/europa-league/#/OjQOTQKa/form/home/5/;https://www.flashscore.com/football/europe/europa-league/#/OjQOTQKa/form/away/5/;https://www.flashscore.com/football/europe/europa-league/#/OjQOTQKa/form/overall/10/;https://www.flashscore.com/football/europe/europa-league/#/OjQOTQKa/form/home/10/;https://www.flashscore.com/football/europe/europa-league/#/OjQOTQKa/form/away/10/
EUROPE;Conference League;https://www.flashscore.com/football/europe/conference-league/#/8WHkz50k/standings/overall/;https://www.flashscore.com/football/europe/conference-league/#/8WHkz50k/standings/home/;https://www.flashscore.com/football/europe/conference-league/#/8WHkz50k/standings/away/;https://www.flashscore.com/football/europe/conference-league/#/8WHkz50k/form/overall/5/;https://www.flashscore.com/football/europe/conference-league/#/8WHkz50k/form/home/5/;https://www.flashscore.com/football/europe/conference-league/#/8WHkz50k/form/away/5/;https://www.flashscore.com/football/europe/conference-league/#/8WHkz50k/form/overall/10/;https://www.flashscore.com/football/europe/conference-league/#/8WHkz50k/form/home/10/;https://www.flashscore.com/football/europe/conference-league/#/8WHkz50k/form/away/10/
